title_type,primary_title,genres,runtime_minutes,num_votes,average_rating
video,Faust Fucker - Dr. Fist und seine heißen Stuten,Adult,,9,9.0
tvMiniSeries,Faultline,Crime,,8,8.2
tvSeries,Little Sista,Comedy,,6,8.4
movie,Night of the Clown,Horror,60.0,43,2.3
tvSeries,Jade of Death,Fantasy,,23,7.0
tvSeries,Windy City Flip,Reality-TV,,18,6.7
movie,Home-Coming in Granddaughter: The Cultural Complex of a Headman's Concubine,Documentary,58.0,6,7.4
tvEpisode,Reba the Landlord,"Comedy,Drama",22.0,72,7.7
short,Barnyard WAAC,"Animation,Short",7.0,16,6.0
movie,Ab Kya Hoga,"Mystery,Thriller",,38,4.9
tvEpisode,Majka,"Crime,Drama,Mystery",50.0,202,8.7
tvEpisode,The Veronica Show,"Crime,Drama,Mystery",,33,8.4
tvEpisode,I Am a Wolf,"Crime,Drama,Mystery",,45,7.6
tvEpisode,A Broken Mirror,"Crime,Drama,Mystery",,21,8.1
tvEpisode,Chris Martin/Bryce Dallas Howard/The Weirdos,"Comedy,Music,Talk-Show",,12,5.3
tvEpisode,Conan at Home - Mayor Melvin Carter,"Comedy,Music,Talk-Show",,9,5.6
tvEpisode,Adam Sandler/Ben Falcone/Nimesh Patel,"Comedy,Music,Talk-Show",,13,6.6
videoGame,Deliver Us the Moon,"Action,Adventure,Sci-Fi",,266,7.4
short,Sallie Gardner at a Gallop,"Documentary,Short",1.0,3239,7.4
short,Leopard Walking,Short,,71,4.7
short,Woman Pouring from Jug,Short,1.0,162,5.2
short,Dickson Greeting,Short,1.0,1484,5.3
short,Cupid's Dance,Short,,56,4.7
short,Sioux Ghost Dance,"Short,Western",1.0,778,5.2
short,Mexican Knife Duel,"Action,Short,Western",,47,4.0
short,Muscle Dance,Short,,19,3.6
short,The Sausage Machine,Short,,30,4.9
short,Trilby Hypnotic Scene,"Drama,Short",,20,2.6
short,Partie de tric-trac,"Documentary,Short",1.0,323,5.0
short,"The Rixfords, No. 1","Documentary,Short",,29,3.3
short,"Street Scene in Winter in Montreal, Canada","Documentary,Short",,22,3.6
short,Krieger-Parade,"Documentary,Short",,20,3.4
short,"Suvier Entering the Baltic Canal, Hamburg","Documentary,Short",,22,3.6
short,Fishing for Goldfish,"Documentary,Short",1.0,1073,5.1
short,Discussion de Monsieur Janssen et de Monsieur Lagrange,"Documentary,Short",,58,5.7
short,"Fêtes franco-russes: Paris, les souverains russes et le Président de la République Félix Faure aux Champs-Elysées",Short,1.0,174,4.6
short,Charge of the French Cuirassieurs,Short,,13,4.2
short,Revue à Longchamp: défilé de la Garde Républicaine et des pompiers,Short,1.0,159,4.6
short,"Tom Merry, Lightning Cartoonist IV",Short,,18,3.4
short,Gardener Burning Weeds,Short,,35,4.5
short,Vernona Jarbeau,Short,,15,3.7
short,"Le fakir, mystère indien",Short,,37,4.3
short,Tub Race,Short,,20,3.3
short,Rope Dance,Short,,15,3.8
short,Trilby and Little Billee,Short,,27,4.5
short,Jeux d'enfants dans une rue,Short,1.0,135,5.0
short,Alger: prière du muezzin,Short,1.0,86,4.2
short,Bains sur le Rhône,Short,1.0,41,4.5
short,An Arrest,Short,,31,4.1
short,Bag Punching,Short,,15,3.7
short,Telephone Appointment,"Comedy,Short",,21,2.7
short,Interrupted Lover,"Comedy,Short",1.0,345,4.6
short,Lazamiento de un novillo,"Documentary,Short",,32,4.0
short,"Milan, place du Dôme","Documentary,Short",1.0,204,5.4
short,West Point Cadet Drill No. 2,"Documentary,Short",,15,3.8
short,Pompiers: mise en batterie,"Documentary,Short",1.0,51,5.2
short,Presidente de la republica subiendo a pie del castillo de Chapultepec,"Documentary,Short",,19,4.0
short,H.R.H. the Prince of Wales,"Documentary,Short",,18,3.7
short,Baggage Wagons of Li Hung Chang,"Documentary,Short",,19,4.7
short,Arrivée du Tzar à Paris,"Documentary,Short",,27,4.3
short,"Schaffouse, Chûtes du Rhin vues de loin","Documentary,Short",1.0,95,4.9
short,Arrival After the Wedding,"Documentary,Short",,18,3.7
short,Surf at Long Branch,"Documentary,Short",,26,4.8
short,"Promenade of Ostriches, Paris Botanical Gardens","Documentary,Short",1.0,607,5.5
short,"Union Square, New York","Documentary,Short",,28,3.7
short,Le czar en France - défilé des troupes,"Documentary,Short",,24,3.2
short,Radeau avec baigneurs,"Documentary,Short",1.0,258,4.9
short,Bois de Boulogne,"Documentary,Short",,36,3.9
short,"Parade, Americus Club, Canton Ohio","Documentary,Short",,26,4.8
short,"Nîmes, sortie de l'église","Documentary,Short",1.0,92,4.3
short,Arrivée du bateau de Douvres à Boulogne,"Documentary,Short",1.0,26,3.4
short,Alarm der Feuerwehr,"Documentary,Short",,31,3.6
short,l'Impératrice mère et la grande duchesse [de Turquie] Eugénie [Xénia] en carrosse [Moscou],"Documentary,Short",1.0,107,4.4
short,"Budapest, cortège de la Couronne","Documentary,Short",1.0,105,4.7
short,"New York, Avenue et Union Square","Documentary,Short",1.0,71,4.7
short,Battaglia di neve,"Documentary,Short",1.0,25,4.4
short,Great Northern Railroad,"Documentary,Short",,24,4.2
short,"Canadian Falls, from American Side","Documentary,Short",,32,4.1
short,Plaza del Puerto en Barcelona,"Documentary,Short",,17,4.2
short,Cuirassiers à cheval,"Documentary,Short",1.0,133,5.3
short,Li Hung Chang Driving Through 4th St. and Broadway,"Documentary,Short",,25,4.1
short,A Prize Fight by Jem Mace and Burke,"Documentary,Short,Sport",,20,3.3
short,Boxing Contest Between Tommy White and Solly Smith,"Documentary,Short,Sport",,18,3.4
short,Boxing Match Between a Man and a Woman,"Documentary,Short,Sport",,22,3.6
short,Jean Who Cries and Jean Who Laughs,Short,,33,5.6
short,Exhibition of Prize Winners,Short,,25,4.2
short,"Jongleur, le bilboquet",Short,,13,4.4
short,Pierrot et le fantôme,Short,,16,3.4
short,Miss Ellen Terry at Her Window,Short,,13,3.8
short,Pierrot et la mouche,Short,,14,4.2
short,"Serpentine Dance, Annabelle",Short,5.0,138,5.6
short,The Dolorita Passion Dance,Short,,28,4.0
short,Parisienne Girls,Short,,31,3.5
short,Ring Around a Rosie,Short,,32,5.5
short,Dancing Darkey Boy,Short,,116,4.7
short,Le Coucher d'Yvette,Short,,15,2.7
short,Rainmakers,Short,,18,3.8
short,Vor der Börse in Hamburg,Short,,13,4.0
short,Une cour de ferme,Short,,23,4.1
short,L'ascension d'un ballon,Short,,24,4.9
short,The Prince of Wales,"News,Short",,12,3.3
short,La passion,"Drama,Short",,11,3.8
short,Ambulance at the Accident,"Drama,Short",,60,3.8
short,La passion,"Drama,Short",,12,4.0
short,Cupid at the Washtub,"Comedy,Short",1.0,123,5.2
short,Figaro et l'auvergnat,"Comedy,Short",,24,3.7
short,The Bad Boy and Poor Old Grandpa,"Comedy,Short",,29,3.9
short,Seminary Girls,"Comedy,Short",1.0,894,5.7
short,"Barnum's Street Parade, Nos. 1, 2, and 3","Family,Short",,25,2.7
short,Cornell-Yale-Harvard Boat-Race,"News,Short,Sport",,24,4.5
short,Head of Procession Including Bluejackets,"Documentary,Short",1.0,84,4.3
short,Cortège du boeuf gras passant Place de la Concorde,"Documentary,Short",,26,4.3
short,Petit frère et petite soeur,"Documentary,Short",1.0,112,5.6
short,"A Chegada do Rebocador 'Liberal' ao Porto de Leixões e o Desembarque de Romeiros Que, por Mar, Vão ao Porto para a Romaria do Senhor de Matosinhos","Documentary,Short",,17,5.3
short,"Bayonet Exercise, Coldstream Guards","Documentary,Short",,12,4.8
short,"13th Infantry, U.S. Army: Full Dress Parade and Manoeuvering, Governors Island","Documentary,Short",,30,5.6
short,"Panorama pris du chemin de fer électrique, I","Documentary,Short",1.0,50,4.5
short,Le 'brennus',"Documentary,Short",,14,5.5
short,Les grandes manoeuvres belges,"Documentary,Short",,14,3.8
short,Am Alexander-Platz in Berlin,"Documentary,Short",,15,4.7
short,Am Wasserfall,"Documentary,Short",,14,3.8
short,The Haverstraw Tunnel,"Documentary,Short",1.0,56,5.1
short,Life Guards and Escort Arrivng at St. Paul's,"Documentary,Short",,15,3.2
short,National Lancers of Boston,"Documentary,Short",,21,4.1
short,Arab Exercising His Monkey,"Documentary,Short",,15,3.3
short,"Le Caire, un enterrement","Documentary,Short",1.0,85,5.1
short,The Dancing Skeleton,"Comedy,Horror,Short",1.0,177,5.8
short,Walking Greasy Pole,"Documentary,Short,Sport",,16,3.3
short,Crossing the Line,Short,,23,2.5
short,Pea-Hulling Machine,Short,,29,3.6
short,Agoust Family of Jugglers,Short,1.0,89,5.6
short,An Unwelcome Visitor,Short,,27,5.2
short,Segreto per vestirsi (con aiuto),Short,1.0,8,4.4
short,"Thiers, Mac-Mahon, Grévy, Carnot, Félix Faure",Short,1.0,92,4.8
short,Le grotte du diable,Short,,24,5.2
short,Battle of Santiago Bay,"Short,War",,44,4.5
short,Twelve Months After,"Comedy,Short",,21,7.0
short,Tickling the Soles of Her Feet,"Comedy,Short",,21,6.3
short,The Clown Barber,"Comedy,Short",,31,5.1
short,Farmer Kissing the Lean Girl,"Comedy,Short",,41,4.6
short,L'aveugle fin de siècle,"Comedy,Short",1.0,238,5.1
short,What Demoralized the Barber Shop,"Comedy,Short",,171,5.1
short,Pygmalion and Galatea,"Fantasy,Short",2.0,181,5.2
short,"Corpus Christi Procession, Orvieto","Documentary,Short",,26,3.9
short,Wounded Soldiers Embarking in Row Boats,"Documentary,Short",,72,3.8
short,Neapolitan Dance at the Ancient Forum of Pompeii,"Documentary,Short",,31,4.8
short,Lourdes,"Documentary,Short",,30,3.8
short,"Pope Leo XIII Being Carried in Chair Through Upper Loggia, No. 101","Documentary,Short",,25,4.8
short,"Pope Leo XIII Seated in Garden, No. 105","Documentary,Short",,16,3.3
short,Cuban Volunteers Marching for Rations,"Documentary,Short",,41,3.7
short,Qafqaz va merkuri camiyyatina maxsus paroxodun limandan yola düsmasi,"Documentary,Short",1.0,13,5.2
short,Freight Train,"Documentary,Short",1.0,108,4.3
short,9th Infantry Boys' Morning Wash,"Documentary,Short",,144,3.5
short,A Terrible Spill,"Documentary,Short",,13,4.3
short,"Military Camp at Tampa, Taken from Train","Documentary,Short",,95,4.1
short,De boulevard van Scheveningen,"Documentary,Short",,52,4.3
short,Leçons de boxe,"Comedy,Short,Sport",1.0,31,4.8
short,The Fat Man and the Treacherous Springboard,"Comedy,Romance,Short",,36,6.4
short,Roosevelt's Rough Riders Embarking for Santiago,"Documentary,News,Short",,113,4.0
short,The Launch of HMS Albion at Blackwall,"Documentary,News,Short",1.0,72,5.4
short,Fregoli soldato I,Short,1.0,13,4.7
short,Een trambestorming op zondag op den dam,Short,,31,4.1
short,Suicide of Colonel Henry,Short,1.0,282,5.3
short,The Demon Barber,Short,,23,6.8
short,Dancing Niggers,Short,,116,7.0
short,Landing of Dreyfus at Quiberon,Short,1.0,261,5.3
short,Danse Japonaise: Gueichas en Jinrikcha,Short,1.0,99,4.8
short,The Inexhaustible Cab,"Comedy,Short",,32,4.8
short,Maple Leaf Viewing,"Horror,Short",6.0,225,5.8
short,"Upside Down; or, the Human Flies","Fantasy,Short",1.0,180,6.1
short,A Dinner Under Difficulties,"Fantasy,Short",,43,4.8
short,Surprising a Picket,"Drama,Short,War",,21,4.0
short,Reproduction of the Corbett and Jeffries Fight,"News,Short,Sport",,53,4.2
short,'Shamrock' and 'Erin' Sailing,"News,Short,Sport",2.0,37,4.1
short,Man Overboard!,"Documentary,Short",1.0,30,4.7
short,Catching the Ferry in Amsterdam,"Documentary,Short",,15,4.8
short,Chasse au Renard: Le Départ,"Documentary,Short",1.0,83,4.6
short,The Dandy Fifth,"Documentary,Short",1.0,78,3.5
short,Audience Leaving Circus Carré After the Biograph Show in Amsterdam,"Documentary,Short",,14,5.0
short,The Landing of Savage South Africa at Southampton,"Documentary,Short",,26,4.2
short,Tourists Going Round Yellowstone Park,"Documentary,Short",1.0,118,3.3
short,"Panoramic View, Horseshoe Curve, Penna. R.R., No. 2","Documentary,Short",,18,4.6
short,Panorama of Calcutta,"Documentary,Short",2.0,146,5.4
short,Stealing a Dinner,"Comedy,Fantasy,Short",,105,4.4
short,In a Chinese Restaurant,Short,,32,4.6
short,The Triple Conjurer and the Living Head,Short,1.0,514,6.2
short,La concierge,"Comedy,Short",1.0,196,5.2
short,Trouble in Hogan's Alley,"Comedy,Short",,35,4.8
short,Let Me Dream Again,"Comedy,Short",1.0,793,5.8
short,An Artist's Dream,"Comedy,Short",1.0,127,4.7
short,Guillaume Tell,"Comedy,Short",1.0,19,4.6
short,Ghosts in a Chinese Laundry,"Fantasy,Short",,25,4.8
short,Naval Apprentices at Sail Drill on Historic Ship 'Constellation',"Documentary,Short",2.0,77,3.1
short,A bord du 'Tonkin' - Le saut à la corde,"Documentary,Short",1.0,65,4.7
short,"Army Life; or, How Soldiers Are Made: Mounted Infantry","Documentary,Short",,134,4.8
short,Southampton High Street,"Documentary,Short",,16,5.3
short,How They Rob Men in Chicago,"Comedy,Crime,Short",1.0,161,5.7
short,The Bachelor's Paradise,Short,2.0,307,5.6
short,Quo Vadis?,Short,1.0,22,6.2
short,"AAA Championships at Fartown, Huddersfield","Short,Sport",4.0,33,5.4
short,"Tynemouth Swimming Gala in the Haven, North Shields","Short,Sport",3.0,37,5.2
short,President Roosevelt at the Army-Navy Game,"News,Short,Sport",,45,3.3
short,Mounted Police Charge,"Documentary,Short",,18,4.2
short,La Plage et l'Etablissement,"Documentary,Short",1.0,73,4.4
short,Ride on the Tramcar Through Belfast,"Documentary,Short",2.0,107,5.7
short,"Cutting Sugar Cane, Honolulu","Documentary,Short",,65,3.3
short,Horse Parade at the Pan-American Exposition,"Documentary,Short",3.0,63,3.9
short,Royal Visit of the Duke and Duchess of Cornwall and York to New Zealand,"Documentary,Short",8.0,19,4.7
short,"Panorama of Brooklyn Bridge, River Front, and Tall Buildings from the East River","Documentary,Short",,14,5.0
short,A Perilous Proceeding,"Documentary,Short",1.0,68,5.3
short,Chamonix: Le Mauvais Pas,"Documentary,Short",1.0,220,5.3
short,"Taking President McKinley's Body from Train at Canton, Ohio","Documentary,News,Short",1.0,62,4.9
short,Danseuses Cambodgiennes du roi Norodom,Short,1.0,43,5.2
short,Les Harry-Alaska au restaurant chinois,Short,,6,5.8
short,"Congregation Leaving Jesuit Church of St. Francis Xavier, Dublin",Short,4.0,32,4.5
short,"Coronation of Their Majesties King Edward VII and Queen Alexandra, Second Scene","News,Short",,12,6.2
short,The Interrupted Bathers,"Comedy,Short",1.0,206,4.4
short,Indian Review: Grand March Past,"Documentary,Short",,15,3.7
short,In a German Bath,"Documentary,Short",1.0,24,5.3
short,Policeman and Automobile,"Comedy,Fantasy,Short",2.0,106,5.7
short,Notts County v. Middlesbrough,"Documentary,Short,Sport",2.0,32,4.6
short,Life of a London Fireman,Short,,23,6.4
short,Buster's Joke on Papa,"Comedy,Short",3.0,9,4.8
short,The Pajama Dance,"Comedy,Short",,20,4.9
short,Le repas fantastique,"Comedy,Short",2.0,62,5.4
short,Panorama of Beach and Cliff House,"Documentary,Short",2.0,85,4.8
short,Orphans in the Surf,"Documentary,Short",2.0,22,3.9
short,Panorama de Constantine,"Documentary,Short",,10,4.1
short,Hammerfest,"Documentary,Short",2.0,81,5.2
short,"Native Women Coaling a Ship at St. Thomas, D.W.I.","Documentary,Short",1.0,24,3.5
short,Coronation Durbar at Delhi,"Documentary,Short",2.0,62,4.8
short,The Mischances of a Drunkard,"Comedy,Short",,24,5.9
short,The Nigger Boy's Revenge,"Comedy,Short",,14,7.6
short,"City Hall to Harlem in 15 Seconds, Via the Subway Route","Comedy,Short",2.0,29,4.9
short,European Rest Cure,"Comedy,Short",17.0,223,5.3
short,The Suburbanite,"Comedy,Short",9.0,252,5.6
short,Métamorphose du roi de pique,"Fantasy,Short",,22,5.9
short,Atlantic City Floral Parade,"Documentary,Short",2.0,16,3.8
short,"Exhibition Fire Drill, Union Square, N.Y.","Documentary,Short",,10,3.4
short,"Opening Ceremonies, St. Louis Exposition","Documentary,Short",4.0,36,3.5
short,A Day in the Hayfields,"Documentary,Short",4.0,77,5.7
short,Barcelona Park at Twilight,"Documentary,Short",2.0,170,5.3
movie,Bohemios,,100.0,15,4.1
movie,Valsons,Music,,27,3.5
short,Five O'Clock Tea,Short,3.0,16,3.1
short,"Latina, Physical Culture Poses (No. 1)",Short,,18,3.4
short,The Scheming Gambler's Paradise,Short,3.0,838,6.1
short,"St. Patrick's Day Parade, Lowell, Mass.","News,Short",3.0,72,4.0
short,Falsely Accused,"Drama,Short",13.0,16,5.2
short,Down in the Coal Mines,"Drama,Short",14.0,63,5.6
short,In a Bamboo Hut,"Music,Short",2.0,34,5.3
short,Wrestling at the New York Athletic Club,"Short,Sport",4.0,59,4.9
short,England v. Ireland at Manchester,"Short,Sport",3.0,26,5.1
short,Disagreeable Mistake,"Comedy,Short",1.0,40,4.6
short,The Absent-Minded Shoeblack,"Comedy,Short",1.0,16,4.8
short,Fine Feathers Make Fine Birds,"Comedy,Short",6.0,29,4.8
short,2 A.M. in the Subway,"Comedy,Short",1.0,178,4.7
short,"20, 000 Leagues Under the Sea","Sci-Fi,Short",18.0,12,5.8
short,The Kleptomaniac,"Crime,Drama,Short",8.0,384,5.7
short,Proslava na 'Sv. Kiril i Metodij',"Documentary,Short",1.0,88,5.1
short,Prinsparets ankomst till Stockholm den 9 juli,"Documentary,Short",,17,3.0
short,Proslava na vodici vo ber,"Documentary,Short",2.0,84,5.0
short,Coney Island at Night,"Documentary,Short",4.0,348,6.1
short,Baby's Toilet,"Documentary,Short",3.0,70,4.6
short,"Empire State Express, the Second, Taking Water on the Fly","Documentary,Short",1.0,20,4.2
short,Olden and New Style Conjuring,Short,,17,6.3
short,Whence Does He Come?,Short,2.0,16,5.4
short,Proklamationen af Kong Frederik d. VIII,"News,Short",3.0,13,3.6
short,Rescued in Mid-Air,"Drama,Short",9.0,35,5.2
short,Les malheurs de monsieur Ducornard,"Comedy,Short",,9,4.7
short,La vengeance du clerc de notaire,"Comedy,Short",,12,4.4
short,La vérité sur l'homme-singe,"Comedy,Short",5.0,129,5.4
short,Mephisto's Son,"Comedy,Short",16.0,46,6.1
short,Beware of My Husband,"Comedy,Short",6.0,17,5.1
short,Le choix d'une bonne,"Comedy,Short",,9,4.7
short,Soap Bubbles,"Fantasy,Short",4.0,223,5.4
short,The Warwick Pageant,"Documentary,Short",25.0,14,4.4
short,"Epileptic Seizure, No. 8","Documentary,Short",,12,2.9
short,Three American Beauties,"Documentary,Short",1.0,401,5.7
short,"Earthquake Ruins, New Majestic Theatre and City Hall","Documentary,Short",,24,4.6
short,The Bewitched Shepherd,"Comedy,Fantasy,Romance",5.0,170,5.3
short,Dixon-Chester Leon Contest,"Documentary,Short,Sport",4.0,17,4.6
movie,The Story of the Kelly Gang,"Action,Adventure,Biography",70.0,819,6.0
short,Tom Sawyer,Short,,39,6.1
short,Shakespeare Writing Julius Caesar,Short,3.0,18,3.7
short,Easter Eggs,Short,3.0,191,5.7
short,At the Photographer,Short,7.0,102,5.3
short,A Slave's Love,"Drama,Short",11.0,55,4.9
short,Old Mashers,"Comedy,Short",6.0,7,4.0
short,From Barrel to Barrel,"Comedy,Short",,11,4.3
short,What a Yawn Did,"Comedy,Short",4.0,113,5.4
short,Lost Umbrella,"Comedy,Short",,8,4.8
short,The Golden Beetle,"Fantasy,Short",3.0,868,6.5
short,"The 'Float', Waikiki, Honolulu, Hawaiian Islands","Documentary,Short",,14,4.5
short,"Jamestown Exposition International Naval Review, Hampton Roads, Virginia","Documentary,Short",2.0,9,4.2
short,The Abduction of the Slave Women,"Adventure,Crime,Short",5.0,75,4.6
movie,Los carreros,,,17,3.6
short,A Pair of White Gloves,Short,18.0,56,6.0
short,Artistic Rag-Pickers,Short,5.0,14,5.7
short,L'agent gelé,Short,,23,5.2
short,Humanity Through the Ages,Short,,19,7.2
short,The Song of the Shirt,"Drama,Short",11.0,135,5.6
short,Le corso tragique,"Drama,Short",,17,5.3
short,The Cossacks,"Drama,Short",,10,6.7
short,The Greaser's Gauntlet,"Action,Short",17.0,53,5.6
short,Tomkins Buys a Donkey,"Comedy,Short",,14,5.4
short,Result of Eating Horse Flesh,"Comedy,Short",6.0,25,5.0
short,Buying a Cow,"Comedy,Short",8.0,19,4.0
short,I Have Won a Pig,"Comedy,Short",3.0,7,4.0
short,Le costume blanc,"Comedy,Short",5.0,40,4.8
short,The Princess in the Vase,"Comedy,Short",,15,6.2
short,Magic Dice,"Fantasy,Short",7.0,59,5.3
short,Os Guaranis,"Romance,Short",,18,2.5
short,The Dreyfus Affair,"Biography,Short",,17,4.6
short,The Guerrilla,"Action,Short,War",15.0,30,4.0
short,"St. Kilda, Its People and Birds","Documentary,Short",5.0,29,5.5
short,French Interpreter Policeman,"Documentary,Short",8.0,148,4.5
short,The Planter's Wife,"Action,Drama,Short",14.0,22,4.4
short,Mary Stuart,"Biography,Drama,Short",,11,5.1
movie,"Les heures - Épisode 4: Le soir, la nuit",,,18,5.0
movie,Raffaello Sanzio e la fornarina,,,16,5.0
short,Skilda tiders danser,Short,3.0,11,3.5
short,Bloemenvelden Haarlem,Short,2.0,11,4.3
short,Les transfigurations,Short,6.0,90,6.0
short,The Honor of Thieves,"Crime,Short",11.0,22,5.4
short,Romance of Engine 999,"Drama,Short",,68,6.0
short,Macbeth,"Drama,Short",,16,4.0
short,A Woman of the People,"Drama,Short",,10,3.2
short,The Children's Friend,"Drama,Short",4.0,56,4.1
short,Resurrection,"Drama,Short",12.0,141,5.1
short,Buon anno!,"Comedy,Short",6.0,33,5.2
short,Das große Los,"Comedy,Short",,13,4.5
short,Ben Gets a Duck and Is Ducked,"Comedy,Short",,24,5.6
short,Foolshead's Christmas,"Comedy,Short",5.0,21,5.3
short,The Capricious Monument,"Comedy,Short",7.0,19,4.2
short,The Devilish Tenant,"Comedy,Short",6.0,1885,7.2
short,A Trip to Jupiter,"Sci-Fi,Short",8.0,267,6.4
short,Paper Cock-a-Doodles,"Fantasy,Short",6.0,15,6.2
movie,Orientalsk dans,,,12,4.0
short,L'apprenti aviateur,Short,4.0,16,5.1
short,Fumée d'ivresse,Short,,11,5.0
short,Le portrait ovale,Short,19.0,27,6.5
short,Salomé,Short,12.0,57,5.9
short,Christopher Columbus,"Drama,Short",13.0,22,4.9
short,David et Goliath,"Drama,Short",,31,5.3
short,Idiot,"Drama,Short",15.0,27,7.3
short,A Child's Faith,"Drama,Short",11.0,60,4.0
short,Gounod's Ave Maria,"Drama,Short",8.0,21,4.6
short,The Modern Prodigal,"Drama,Short",17.0,58,5.5
short,The Unchanging Sea,"Drama,Short",14.0,793,6.3
short,Mendelssohn's Spring Song,"Drama,Short",,15,7.3
short,The Beautiful Margaret,"Comedy,Short",6.0,59,5.5
short,Cretinetti troppo bello,"Comedy,Short",5.0,54,5.6
short,The Men Haters' Club,"Comedy,Short",12.0,10,5.2
short,La pile électrique de Léontine,"Comedy,Short",5.0,22,5.6
short,Fâcheuse méprise,"Comedy,Short",,16,5.5
short,Max Has Trouble with His Eyes,"Comedy,Short",5.0,66,5.4
movie,Arsène Lupin contra Sherlock Holmes,"Drama,Mystery",92.0,8,6.4
short,That Chink at Golden Gulch,"Short,Western",17.0,64,6.3
short,Headdresses of Different Periods,"Animation,Short",5.0,51,5.4
short,Ambrosius,"Biography,Short",8.0,16,4.5
short,Den hvide slavehandel,"Crime,Drama,Short",21.0,8,5.4
short,Old Delhi and Its Ruins,"Documentary,Short",,11,6.4
short,Mt. Etna in Eruption,"Documentary,Short",,15,5.7
short,Santa Lucia,"Documentary,Short",5.0,22,5.6
short,Dutch Types,"Documentary,Short",4.0,6,5.2
short,Rusalka,"Drama,Fantasy,Short",9.0,118,5.2
short,White Fawn's Devotion: A Play Acted by a Tribe of Red Indians in America,"Drama,Short,Western",11.0,501,5.7
short,Twelfth Night,"Comedy,Drama,Romance",12.0,269,5.4
movie,Chûshingura,,47.0,7,5.8
movie,It Is Never Too Late to Mend,Drama,,15,3.7
movie,Oedipus Rex,Drama,56.0,14,5.5
movie,The Bushranger's Bride,Drama,,18,5.4
short,Lecture absorbante,Short,5.0,6,4.6
short,Fisher Folks,"Drama,Short",17.0,38,4.9
short,A Manly Man,"Drama,Short",10.0,22,5.6
short,The Moth,"Drama,Short",26.0,11,7.0
short,La tare,"Drama,Short",41.0,127,5.8
short,Through Darkened Vales,"Drama,Short",17.0,52,4.5
short,Macbeth,"Drama,Short",14.0,6,5.0
short,The Lily of the Tenements,"Drama,Short",17.0,23,5.2
short,David Copperfield,"Drama,Short",39.0,33,5.9
short,Dante's Inferno,"Drama,Short",15.0,55,6.9
short,Bébé joue au cinéma,"Comedy,Short",12.0,13,6.8
short,Non! Tu ne sortiras pas sans moi!,"Comedy,Short",5.0,33,5.6
short,"Little Moritz, reporter photographe","Comedy,Short",8.0,8,4.5
short,Josh's Suicide,"Comedy,Short",,17,6.3
short,The Cowboy Coward,"Short,Western",11.0,25,4.5
short,The Last Drop of Water,"Short,Western",18.0,274,5.8
short,The Life of the Honey Bee,"Documentary,Short",8.0,8,5.3
short,Landscapes in Japan,"Documentary,Short",,8,5.3
short,De vliegdemonstraties op Rozenoord,"Documentary,Short",7.0,15,5.2
short,The Maid's Double,"Comedy,Drama,Short",,14,8.2
short,The Pasha's Daughter,"Drama,Romance,Short",14.0,53,4.9
movie,Harry the Footballer,"Adventure,Crime,Drama",,32,4.3
movie,La ribalta,,,14,4.5
movie,The Adventures of Lieutenant Petrosino,Drama,47.0,36,4.4
movie,The Reincarnation of Karma,Drama,52.0,11,5.0
movie,The Life and Death of King Richard III,Drama,55.0,294,5.7
movie,Lucretia Borgia,Drama,,28,4.9
short,Die Katastrophe der Titanic,Short,7.0,151,5.8
short,Paper Cuttings,Short,,13,6.2
short,A Race for Millions,"Drama,Short",,8,7.0
short,A Man's a Man,"Drama,Short",9.0,9,5.8
short,The Sewer,"Drama,Short",20.0,28,5.6
short,La Bohème,"Drama,Short",,13,5.8
short,Canned Harmony,"Comedy,Short",12.0,253,5.7
short,"Whiffles, Cubic Artist","Comedy,Short",,6,6.8
short,"Mr. Smith, Barber","Comedy,Short",5.0,9,4.0
short,Boireau au harem,"Comedy,Short",,13,4.9
short,Artheme Swallows His Clarinet,"Comedy,Short",4.0,90,6.3
short,The Tourists,"Comedy,Short",6.0,75,5.0
short,Polidor contro la suocera,"Comedy,Short",8.0,10,4.9
short,"Walk, -- You, Walk!","Comedy,Short",15.0,24,4.7
short,A Spanish Dilemma,"Comedy,Short",8.0,41,4.2
short,Conscience,"Horror,Short",10.0,17,4.6
short,Lincoln's Gettysburg Address,"History,Short",,22,8.8
short,An Indian Summer,"Romance,Short",17.0,35,5.0
short,The Mender of Nets,"Romance,Short",16.0,232,6.1
short,The Pony Express Girl,"Short,Western",,13,9.0
short,Theodore Roosevelt,"Documentary,Short",3.0,9,4.4
short,Tripoli,"Documentary,Short",4.0,5,3.8
short,L'inaugurazione del campanile di San Marco,"Documentary,Short",12.0,26,5.4
short,Old Prague,"Documentary,Short",6.0,7,5.8
short,Three-Fingered Kate: The Wedding Presents,"Comedy,Crime,Short",,6,7.5
short,The Triumph of Right,"Drama,Family,Short",16.0,18,3.9
short,The Darling of the CSA,"Drama,Romance,Short",14.0,20,5.6
short,The Girl and Her Trust,"Drama,Short,Thriller",17.0,1235,6.8
short,Cinderella or The Glass Slipper,"Fantasy,Romance,Short",24.0,229,5.8
short,Friends,"Romance,Short,Western",17.0,296,5.5
short,The Cameraman's Revenge,"Animation,Comedy,Fantasy",12.0,3001,7.7
movie,De levende ladder,,50.0,22,4.6
movie,Zu spät,,,10,6.2
short,A Thief of Hearts,Short,,11,5.0
short,Der neue Schreibtisch,Short,8.0,108,6.1
short,Professor Vilhelm Thomsen i videnskabernes selskabs bygning,Short,3.0,16,3.7
movie,The Battle of Gettysburg,"Drama,War",48.0,39,6.7
short,The Price of Gold,"Drama,Short",15.0,11,3.3
short,The Marriage of Figaro,"Drama,Short",21.0,13,5.2
short,An Adventure in the Autumn Woods,"Drama,Short",17.0,60,4.9
short,The Picture of Dorian Gray,"Drama,Short",16.0,20,7.1
short,Brothers,"Drama,Short",17.0,47,3.4
short,Brennan of the Moor,"Drama,Short",31.0,19,4.0
short,When Lincoln Paid,"Drama,Short",,22,5.9
short,Muzikalniy moment,"Music,Short",6.0,27,4.4
short,A Noise from the Deep,"Comedy,Short",10.0,15,7.3
short,The Ideal Wife,"Comedy,Short",24.0,30,5.4
short,The Pickwick Papers,"Comedy,Short",20.0,63,5.6
short,A Lady and Her Maid,"Comedy,Short",14.0,40,5.7
short,Her Nephews from Labrador,"Comedy,Short",13.0,29,5.4
short,The Adventures of Pimple: The Battle of Waterloo,"Comedy,Short",7.0,13,5.8
short,Milling the Militants,"Comedy,Short",8.0,24,4.9
short,Frederik Buch som Soldat,"Comedy,Short",9.0,5,4.6
movie,One Hundred Years of Mormonism,"Drama,History",90.0,21,5.0
movie,Doctor Nicholson and the Blue Diamond,"Crime,Thriller",71.0,40,5.9
short,"Direktør Ivar Knudsen til prøvesejlads om bord paa et dieselskib, omgivet af repræsentanter for handel og industri, hvoriblandt admiral A. de Richelieu, etatsraad Martin Dessau, gehejmeetatsraad Julius Larsen, baron Blixen-Finecke og flere","Documentary,Short",4.0,17,5.0
short,The Battle of Bull Run,"Drama,History,Short",28.0,14,5.4
short,The Sheriff of Stone Gulch,"Drama,Short,Western",13.0,28,4.3
short,When Mary Grew Up,"Comedy,Romance,Short",15.0,17,4.8
short,The Insects' Christmas,"Animation,Family,Short",7.0,768,6.7
movie,Sturmzeichen - Ein Kriegsfilm,,,10,4.7
movie,Le paradis,,53.0,6,4.2
movie,The Goat,Adult,,16,7.3
movie,Christus,Drama,69.0,22,6.5
movie,"Home, Sweet Home",Drama,55.0,269,5.7
movie,Sperduti nel buio,Drama,66.0,15,6.1
short,Miss Soapsuds,Short,10.0,19,6.3
short,"Le royaume nain de Lilliput contre Gigas le long, prince des géants",Short,,7,6.2
movie,The Mystery of the Poison Pool,Adventure,,22,2.2
movie,The War of the World,Documentary,,12,7.0
short,Woman of Tomorrow,"Drama,Short",43.0,37,5.8
short,Atonement,"Drama,Short",24.0,14,6.9
short,The Sisters,"Drama,Short",20.0,38,6.8
short,The Temple of Moloch,"Drama,Short",,14,5.8
short,Love and Bullets,"Comedy,Short",,15,9.0
short,'Curses!' They Remarked,"Comedy,Short",10.0,92,4.9
short,A Fair Exchange,"Comedy,Short",16.0,938,5.5
short,His New Profession,"Comedy,Short",16.0,1317,5.9
short,Broncho Billy's Fatal Joke,"Short,Western",19.0,36,5.4
movie,Theodor Körner,"Biography,Drama",60.0,10,5.0
short,The Particular Cowboys,"Comedy,Short,Western",,12,6.2
movie,Song of Triumphant Love,,,9,6.5
movie,The Battle Cry of Peace,Drama,90.0,19,4.0
movie,Ghosts,Drama,49.0,84,5.5
short,Per amore di Jenny,Short,19.0,18,5.1
short,The Voice of the Violin,Short,20.0,37,4.4
movie,Zhenshchina vampir,Horror,,38,7.6
movie,Sieg auf der ganzen Linie,Adventure,,10,7.0
movie,Civilization,"Drama,War",85.0,393,5.9
movie,Japan,Documentary,,10,5.4
short,The Vagabonds,"Drama,Short",12.0,19,5.6
short,The Three Brothers,"Drama,Short",,11,5.4
short,Ham and the Jitney Bus,"Comedy,Short",12.0,10,4.4
short,Ungkarl og ægtemand,"Comedy,Short",8.0,10,4.2
short,A Woman,"Comedy,Short",26.0,1849,6.4
short,Robinet pescatore,"Comedy,Short",6.0,10,5.1
short,Frau Blechnudel will Kinoschauspielerin werden,"Comedy,Short",,12,3.9
short,His Lordship's Dilemma,"Comedy,Short",,13,6.4
short,Dizzy Heights and Daring Hearts,"Comedy,Short",22.0,116,5.8
short,Djadja Pud v Luna-parke,"Comedy,Short",3.0,8,5.9
short,A Submarine Pirate,"Comedy,Short",24.0,179,5.3
short,Their Social Splash,"Comedy,Short",11.0,50,4.9
short,The Little Teacher,"Comedy,Short",21.0,63,4.9
short,Court House Crooks,"Comedy,Short",22.0,129,5.2
short,Fatty's Tintype Tangle,"Comedy,Short",27.0,391,6.2
movie,Far from the Madding Crowd,"Drama,Romance",,26,7.0
short,Sweeter Than Revenge,"Short,Western",10.0,13,5.1
short,Broncho Billy's Sentence,"Short,Western",17.0,57,5.7
short,Sunshine Molly,"Comedy,Drama,Short",36.0,25,6.5
movie,The Middleman,"Adventure,Crime,Drama",,37,6.6
movie,The Quest,"Action,Adventure,Drama",,33,5.1
movie,Majoor Frans,,54.0,15,4.2
movie,La reina joven,,49.0,12,4.4
movie,The Most Beautiful Gift,,,11,5.5
movie,The Fatal Glass of Beer,,,29,5.6
movie,Ramona,Drama,,20,8.0
movie,Rübezahls Hochzeit,Drama,,40,5.5
movie,The Cossack Whip,Drama,61.0,90,8.1
movie,The American Beauty,Drama,50.0,22,7.5
movie,Romeo and Juliet,Drama,70.0,20,6.4
movie,Betty of Greystone,Drama,50.0,55,5.0
movie,Oliver Twist,Drama,50.0,33,7.0
short,I minnenas band,Short,41.0,6,3.8
movie,The Mixed Ladies Chorus,Comedy,,13,5.3
movie,The ABC of Love,Comedy,50.0,46,6.2
short,Midnight at the Old Mill,"Comedy,Short",,21,5.1
short,The Rejuvenation of Aunt Mary,"Comedy,Short",30.0,18,4.4
short,Lysyj: kinooperator,"Comedy,Short",3.0,9,4.5
short,Easy Ed,"Comedy,Short",,12,8.0
short,The Rink,"Comedy,Short",30.0,3973,7.0
short,The Waiters' Ball,"Comedy,Short",16.0,195,6.8
movie,The Fable of the Kid Who Shifted His Ideals to Golf and Finally Became a Baseball Fan and Took the Only Known Cure,"Comedy,Sport",,32,6.5
movie,Avatar,"Drama,Fantasy",50.0,28,7.2
movie,The Matrimaniac,"Comedy,Romance",46.0,628,6.4
movie,The Mutiny of the Bounty,"Drama,Thriller",55.0,34,7.6
short,A Duet,"Animation,Short",3.0,45,4.2
movie,Beatrice Fairfax,"Action,Adventure",300.0,76,7.2
short,Seeing Yosemite with David A. Curry,"Documentary,Short",3.0,6,5.7
movie,Reggie Mixes In,"Action,Comedy,Drama",50.0,607,5.5
short,Bobby Bumps and the Stork,"Animation,Comedy,Short",6.0,33,4.9
movie,One Day,"Adventure,Drama,Romance",,21,6.0
movie,The Wolf,,,38,5.7
movie,A Bid for Fortune,Crime,,22,4.8
movie,The Unfortunate Marriage,Drama,68.0,89,7.1
movie,The Girl Without a Soul,Drama,50.0,23,6.4
movie,A Bit o' Heaven,Drama,,36,4.7
movie,Das Bacchanal des Todes,Drama,,8,6.2
short,Der getäuschte Pierrot,Short,7.0,47,5.8
movie,The Merry Jail,Comedy,48.0,601,6.1
movie,Prazstí Adamité,Comedy,,21,5.1
movie,The Dancer's Peril,Romance,50.0,20,6.0
movie,Open Places,Western,65.0,14,4.8
movie,The Square Deal Man,Western,50.0,24,6.8
movie,The Gown of Destiny,"Drama,War",50.0,19,6.4
short,La femme française pendant la guerre,"Short,War",37.0,5,6.2
short,Skinny Gets a Goat,"Comedy,Short",,12,4.9
short,Löjtnant Galenpanna,"Comedy,Short",38.0,14,5.4
short,Clubs Are Trump,"Comedy,Short",25.0,56,5.1
short,Tough Luck and Tin Lizzies,"Comedy,Short",11.0,30,5.5
short,The Soul Herder,"Short,Western",30.0,45,4.4
movie,Sleeping Beauty,"Family,Fantasy",64.0,33,5.8
short,Judex: Lorsque l'enfant parut,"Adventure,Short",24.0,40,6.3
short,Judex: L'expiation,"Adventure,Short",16.0,44,6.6
short,Judex: Le secret de Jacqueline,"Adventure,Short",9.0,38,6.5
short,A Dog's Life,"Animation,Short",,13,7.3
movie,One Hour,"Adventure,Romance",60.0,23,1.1
short,"Colonel Heeza Liar, Detective","Animation,Comedy,Short",5.0,14,6.6
short,Bobby Bumps at Fido's Birthday Party,"Animation,Comedy,Short",5.0,52,5.9
movie,Magic Waltz,Drama,,24,4.4
movie,The Rose of Rhodesia,Drama,81.0,37,5.8
movie,Station Content,Drama,50.0,35,6.2
movie,En Fare for Samfundet,Drama,69.0,9,5.7
short,Frauenehre,Short,,7,6.8
movie,"My Wife, the Movie Star",Comedy,,15,5.4
movie,The Scarlet Drop,Western,50.0,45,3.8
short,Les enfants de France et de la guerre,"Short,War",33.0,19,5.7
short,Wanda's Trick,"Drama,Short",44.0,7,5.0
movie,The Floor Below,"Comedy,Drama",60.0,48,6.5
short,Phoney Photos,"Comedy,Short",20.0,16,6.5
short,Are Crooks Dishonest?,"Comedy,Short",13.0,346,6.2
movie,Nattliga toner,"Drama,Romance",61.0,44,6.2
movie,Das Tagebuch des Dr. Hart,"Drama,Romance",82.0,38,5.8
movie,A Woman's Fool,"Comedy,Western",50.0,64,4.0
short,The Count of Monte Cristo - Episode 6: The Vendetta,"Adventure,Short",,9,5.7
movie,Laughing Bill Hyde,"Adventure,Comedy",66.0,21,5.4
short,Bobby Bumps in Before and After,"Animation,Comedy,Family",,17,6.8
movie,The Life Story of David Lloyd George,"Biography,Drama,History",152.0,94,6.7
movie,"Ikarus, der fliegende Mensch",,135.0,17,6.7
movie,The Mother and the Law,Drama,95.0,218,7.1
movie,The World and Its Woman,Drama,70.0,31,6.3
movie,The Right to Happiness,Drama,80.0,23,5.6
movie,The Man in the Moonlight,Drama,60.0,13,5.2
movie,Prostitution,Drama,121.0,16,5.0
movie,La maschera e il volto,Comedy,,9,7.1
movie,Bull Arizona,Western,93.0,12,5.1
movie,Allan Quatermain,Adventure,,27,5.5
movie,Alma Sertaneja,Adventure,,13,6.0
movie,A White Man's Chance,Adventure,50.0,18,5.8
short,Twist Olivér,"Drama,Short",40.0,12,6.5
movie,Anne of Green Gables,"Comedy,Drama",60.0,78,7.2
short,Hearts and Flowers,"Comedy,Short",23.0,146,5.6
short,An Auto Nut,"Comedy,Short",,19,5.1
short,Ship Ahoy,"Comedy,Short",,12,7.7
short,Apartment 23,"Comedy,Short",,10,5.8
short,Young Mr. Jazz,"Comedy,Short",10.0,577,6.4
short,Spring Fever,"Comedy,Short",,19,8.1
short,Camping Out,"Comedy,Short",,20,5.5
movie,The Man Who Turned White,"Adventure,Drama",50.0,20,5.5
movie,The Elusive Pimpernel,"Adventure,Drama",,13,1.7
short,The Adventures of Felix,"Animation,Short",,23,6.4
short,Rowdy Ann,"Comedy,Short,Western",21.0,150,5.5
movie,The Lurking Peril,"Action,Adventure,Drama",300.0,28,3.4
movie,The Girl from Nowhere,"Action,Adventure,Drama",,25,5.4
short,Charley at the Beach,"Animation,Comedy,Short",,9,5.0
short,The Clown's Pups,"Animation,Comedy,Short",3.0,92,6.6
short,The Breath of a Nation,"Animation,Comedy,Short",6.0,159,6.3
short,Dud's Home Run,"Animation,Comedy,Short",5.0,126,5.5
movie,Gricka vjestica,,,22,6.2
movie,Din Grozaviile lumii,,,18,6.9
movie,The Breaking of the Drought,,87.0,25,5.2
movie,Her Elephant Man,Drama,50.0,43,7.0
movie,Hitchin' Posts,Drama,50.0,56,4.5
movie,What Women Want,Drama,,21,7.6
movie,Sex,Drama,87.0,327,5.8
movie,The Man from Kangaroo,Drama,72.0,40,6.0
short,"Seff kostet 24,50 Dollar",Short,,8,5.8
movie,"Love, Honor and Behave!",Comedy,50.0,16,5.2
movie,Billions,Comedy,60.0,24,6.9
movie,The Hunchback and the Dancer,Horror,50.0,79,6.3
movie,The Testing Block,Western,60.0,32,6.7
movie,Leather Stocking: The Last of the Mohicans,Adventure,,53,6.6
short,Park Your Car,"Comedy,Short",9.0,10,4.8
short,A Bashful Bigamist,"Comedy,Short",15.0,20,5.8
movie,Anna Karenina,"Drama,History",,15,5.2
short,Blind Chance,"Short,Western",20.0,15,7.0
movie,An Old Fashioned Boy,"Comedy,Romance",50.0,31,7.2
movie,The Silver Horde,"Adventure,Drama",70.0,25,6.2
short,The Tale of a Wag,"Animation,Short",4.0,57,5.2
movie,The Daughter of Dawn,"Romance,Western",80.0,441,5.7
short,How Babe Ruth Hits a Home Run,"Documentary,Short",,33,8.7
movie,Pollyanna,"Comedy,Drama,Family",58.0,473,6.4
movie,The Last of the Mohicans,"Action,Adventure,Drama",73.0,1351,6.7
short,Day at the Park,"Animation,Comedy,Family",7.0,21,4.2
movie,The Mark of Zorro,"Adventure,Romance,Western",79.0,2620,7.1
movie,Angeli e demoni,,,10,6.5
movie,Il quadro di Osvaldo Mars,,56.0,21,6.7
movie,No Woman Knows,Drama,70.0,16,5.8
movie,Love Never Dies,Drama,64.0,114,6.7
movie,The Sign on the Door,Drama,84.0,33,5.6
movie,Markens grøde,Drama,107.0,240,6.5
movie,Journey into the Night,Drama,81.0,455,6.2
movie,One a Minute,Comedy,56.0,27,6.0
movie,Doubling for Romeo,Comedy,60.0,25,7.0
movie,The Wallop,Western,50.0,44,4.0
short,The Battle of Jutland,"Short,War",,7,8.4
short,Gôketsu Jiraiya,"Action,Short",21.0,182,5.8
short,The Plumber,"Comedy,Short",,25,3.9
short,Just in Time,"Comedy,Short",20.0,15,5.1
short,Tuning Up,"Comedy,Short",,7,4.0
short,The Hustler,"Comedy,Short",,15,6.9
movie,The Rough Diamond,"Comedy,Western",50.0,12,7.0
short,Cleaning Up!!?,"Animation,Short",1.0,155,4.6
short,Newman Laugh-O-Grams,"Animation,Short",3.0,135,4.6
short,Felix the Gay Dog,"Animation,Short",,14,6.3
movie,Cud nad Wisla,"Drama,Romance,War",51.0,98,5.3
short,A Daughter of 'the Law',"Crime,Short,Western",21.0,103,6.1
movie,Hurricane Hutch,"Action,Adventure,Crime",300.0,25,6.8
movie,The Devil Within,"Action,Adventure,Drama",60.0,19,5.7
short,Why They Love Cavemen!,"Animation,Comedy,Short",5.0,27,5.5
movie,La casa sotto la neve,,,8,5.6
movie,Silver Wings,Drama,90.0,38,3.9
movie,Cardigan,Drama,70.0,13,6.6
movie,The House Surrounded,Drama,69.0,51,7.9
movie,Manslaughter,Drama,100.0,480,6.4
movie,Shadows,Drama,70.0,466,6.2
movie,Forget Me Not,Drama,70.0,16,6.0
short,Tommy Tucker's Tooth,Short,7.0,141,4.7
short,The Enchanted City,Short,,10,6.2
movie,Red Hot Romance,Comedy,60.0,32,4.8
movie,Riders of the Law,Western,52.0,25,4.9
movie,Big Stakes,Western,61.0,92,5.8
movie,Wildnis,Adventure,,11,2.0
movie,No País das Amazonas,Documentary,72.0,27,7.4
short,A Tale of Two Cities,"Drama,Short",,8,5.0
movie,The Leather Pushers,"Drama,Sport",,14,6.2
short,Samson and Delilah,"Music,Short",,12,3.4
short,The Electric House,"Comedy,Short",23.0,2885,7.2
movie,Trifling Women,"Drama,Romance",90.0,26,6.8
movie,Nosferatu,"Fantasy,Horror",94.0,99820,7.9
short,The Four Musicians of Bremen,"Animation,Short",7.0,367,5.0
movie,With Stanley in Africa,"Action,Adventure",360.0,23,6.1
movie,Samson und Delila,"Adventure,History",88.0,36,5.8
short,Cops,"Comedy,Family,Short",18.0,6504,7.6
movie,The Light in the Dark,"Crime,Drama,Romance",70.0,170,6.2
short,The Bruce Partington Plans,"Drama,Mystery,Short",,7,3.6
short,È piccerella,"Drama,Romance,Short",44.0,52,6.0
movie,Blood and Sand,"Drama,Romance,Sport",108.0,1456,6.4
movie,Fair Lady,"Adventure,Crime,Drama",70.0,17,4.5
short,The Fable of Friday the 13th,"Animation,Comedy,Short",,13,7.2
movie,Modzgvari,"Adventure,Drama,Romance",55.0,14,6.4
movie,Nameless,,,21,3.7
movie,Lederstrumpf,,59.0,18,4.4
movie,Downfall,,,28,7.2
movie,Johan Ulfstjerna,War,65.0,27,6.3
movie,The Wheel,Drama,417.0,2381,7.5
movie,A Chapter in Her Life,Drama,63.0,39,5.6
movie,Karusellen,Drama,55.0,11,6.6
movie,This Ancient Law,Drama,128.0,221,7.1
movie,Hollywood,Comedy,80.0,81,7.0
movie,Red Lights,Mystery,70.0,28,6.4
movie,The Virginian,Western,84.0,56,6.0
movie,Kindled Courage,Western,50.0,14,6.0
movie,Mist in the Valley,"Crime,Drama",75.0,41,7.9
short,The Gown Shop,"Comedy,Short",15.0,38,5.0
short,Do Your Stuff,"Comedy,Short",,12,6.3
short,Sweetie,"Comedy,Short",20.0,17,6.5
movie,Scaramouche,"Drama,Romance",124.0,653,7.2
movie,The Treasure,"Drama,Romance",80.0,319,6.7
movie,Bluebeard's 8th Wife,"Comedy,Romance",60.0,27,7.0
movie,The Monkey's Paw,"Fantasy,Horror",64.0,21,5.4
movie,Pasteur,"Biography,Drama",52.0,47,5.7
movie,Her Dangerous Path,"Action,Adventure",210.0,27,3.6
short,Give Us Air!,"Documentary,Short",19.0,6,5.2
short,The Fiery Hand,"Crime,Drama,Mystery",36.0,14,6.3
short,The Silver Buddha,"Crime,Drama,Mystery",26.0,5,5.6
short,The Queen of Hearts,"Crime,Drama,Mystery",32.0,7,5.2
short,Felix in Hollywood,"Animation,Comedy,Short",9.0,987,6.5
short,The Fortune Teller,"Animation,Comedy,Short",8.0,34,6.0
short,Felix the Ghost Breaker,"Animation,Comedy,Short",7.0,110,6.0
movie,Why Worry?,"Adventure,Comedy,Family",63.0,1867,7.3
movie,The Covered Wagon,"Adventure,Romance,Western",98.0,682,6.6
movie,Empty Hearts,,60.0,21,6.5
movie,"Dudu, ein Menschenschicksal",,,13,6.9
movie,Circe the Enchantress,Drama,74.0,19,6.6
movie,The Torrent,Drama,,21,7.3
movie,The Wife of the Centaur,Drama,81.0,37,6.0
movie,The City Without Jews,Drama,91.0,393,6.3
short,The City of Stars,Short,20.0,13,7.8
movie,A Fight for Honor,Western,50.0,23,5.1
movie,Romance of the Wasteland,Western,50.0,13,5.8
movie,North of Alaska,Adventure,50.0,17,5.8
movie,Lovers in Araby,Adventure,,12,7.1
short,Three Foolish Weeks,"Comedy,Short",,11,4.5
short,Grandpa's Girl,"Comedy,Short",,10,4.6
short,The Adventures of Villar,"Comedy,Short",24.0,81,5.9
short,Safe and Sane,"Comedy,Short",25.0,19,5.1
short,Ten Dollars or Ten Days,"Comedy,Short",20.0,107,5.7
short,Hot Stuff,"Comedy,Short",,19,3.8
short,A Mandarin Mixup,"Comedy,Short",20.0,58,5.2
short,Hot Sands,"Comedy,Short",,15,5.5
movie,Venus of the South Seas,"Drama,Romance",55.0,62,5.5
movie,Decameron Nights,"Drama,Romance",100.0,12,7.7
short,Father Frost,"Fantasy,Short",40.0,14,7.6
short,Lenin's Kino Pravda: Truth in Cinema,"Animation,Short",8.0,5,5.4
short,Opus III,"Animation,Short",3.0,391,6.5
short,Wonderful London: Flowers of London,"Documentary,Short",10.0,13,5.9
movie,Janice Meredith,"Drama,History,Romance",153.0,713,5.6
movie,"Aelita, the Queen of Mars","Adventure,Comedy,Drama",111.0,2726,6.4
short,The Cartoon Factory,"Animation,Comedy,Short",8.0,198,6.7
short,Vaudeville,"Animation,Comedy,Short",6.0,50,7.0
movie,The Extraordinary Adventures of Mr. West in the Land of the Bolsheviks,"Comedy,Fantasy,Romance",94.0,1055,6.5
short,Looney Lens: Split Skyscrapers,"Documentary,News,Short",1.0,75,5.4
movie,On Time,"Action,Adventure,Comedy",,22,5.2
movie,The Dramatic Life of Abraham Lincoln,"Biography,Drama,History",120.0,34,5.8
movie,The Roughneck,"Action,Adventure,Romance",80.0,25,6.2
short,Sovetskie igrushki,"Animation,Documentary,Short",11.0,309,5.7
movie,Schatten der Weltstadt,,108.0,20,7.2
movie,Body and Soul,Drama,102.0,1097,6.2
movie,Stella Dallas,Drama,110.0,366,7.2
movie,Poil de carotte,Drama,123.0,292,7.2
short,Big Pal,Short,43.0,13,5.4
movie,College Boarding House,Comedy,162.0,10,6.6
movie,Are Parents People?,Comedy,60.0,72,6.7
movie,A Kiss in the Dark,Comedy,60.0,23,8.1
movie,Sally of the Sawdust,Comedy,104.0,564,6.6
movie,The Thundering Herd,Western,70.0,29,5.9
movie,Gold and the Girl,Western,50.0,18,6.2
movie,Cross and Mauser,Adventure,104.0,23,6.3
movie,Tartuffe,"Comedy,Drama",74.0,2582,7.1
movie,That Royle Girl,"Comedy,Drama",114.0,29,5.6
short,Hooked,"Comedy,Short",,14,6.3
short,The Heart Breaker,"Comedy,Short",,12,7.0
short,Hot Doggie,"Comedy,Short",20.0,16,9.7
movie,Lights of Old Broadway,"Drama,Romance",70.0,536,6.5
movie,Aitaré da Praia,"Drama,Romance",60.0,56,6.2
movie,King of the Castle,"Drama,Romance",,14,7.6
short,The Dying Swan,"Musical,Short",,6,7.4
movie,A Slave of Fashion,"Comedy,Romance",60.0,175,1.9
movie,Luch smerti,"Action,Drama,Sci-Fi",125.0,121,6.1
movie,The Living Dead Man,"Comedy,Drama,Romance",170.0,419,7.0
movie,Tsarsulis sashinelebani 2 (atasis pasad),"Action,Adventure,Drama",50.0,17,1.9
short,Alice Gets Stung,"Animation,Comedy,Family",8.0,193,4.9
short,Alice Rattled by Rats,"Animation,Comedy,Family",7.0,191,5.2
movie,White Fang,"Adventure,Family,Western",60.0,42,6.0
movie,Dürfen wir schweigen?,Drama,89.0,13,7.0
movie,The Unknown Soldier,Drama,71.0,20,6.9
movie,Meren kasvojen edessä,Drama,90.0,39,6.4
movie,Girl in Tails,Drama,114.0,68,6.9
movie,The Madness of the Valiants,Drama,45.0,12,6.7
movie,Yichuan zhenzhu,Drama,45.0,29,5.8
movie,Kane,Comedy,68.0,15,7.2
movie,Mantrap,Comedy,71.0,394,6.9
movie,The American Venus,Comedy,80.0,49,7.2
movie,A Social Celebrity,Comedy,70.0,20,7.0
movie,Three Pals,Romance,54.0,21,5.8
movie,The Buckaroo Kid,Western,64.0,15,6.2
movie,The Wild Horse Stampede,Western,50.0,22,6.4
movie,Haunted Range,Western,,22,5.0
movie,The Gentle Cyclone,Western,50.0,26,4.9
short,Without the Option,"Drama,Short",,6,6.7
short,Behind the Lines,"Music,Short",8.0,68,6.1
short,Soft Pedal,"Comedy,Short",10.0,27,6.3
short,Buster's Mix-Up,"Comedy,Short",18.0,21,6.5
short,Hooked at the Altar,"Comedy,Short",,13,5.3
short,Ice Cold Cocos,"Comedy,Short",19.0,66,5.8
short,His Private Life,"Comedy,Short",21.0,15,6.6
short,Saturday Afternoon,"Comedy,Short",30.0,339,6.3
short,A Harem Knight,"Comedy,Short",19.0,19,6.2
short,The Battling Kangaroo,"Comedy,Short",20.0,18,7.6
movie,Torrent,"Drama,Romance",88.0,873,6.9
movie,Volcano,"Drama,Romance",60.0,19,7.0
short,Four Square Steve,"Short,Western",,18,5.7
movie,The Boob,"Comedy,Romance",64.0,599,5.4
movie,Almost a Lady,"Comedy,Romance",60.0,20,6.8
movie,The Law of the Snow Country,"Adventure,Drama",50.0,16,5.4
movie,Tentacles of the North,"Action,Adventure",54.0,35,4.3
movie,What Price Glory,"Comedy,Drama,War",116.0,433,6.9
short,Los Invencibles Shuaras del alto Amazonas,"Documentary,Short",17.0,55,5.2
movie,By the Law,"Action,Drama,Mystery",80.0,1147,7.6
movie,Sunny Side Up,"Comedy,Drama,Romance",66.0,19,5.8
short,The Nickel-Hopper,"Comedy,Romance,Short",37.0,118,7.3
movie,Faust,"Drama,Fantasy,Horror",107.0,15738,8.1
movie,The Passion of a Woman Teacher,"Drama,Horror,Romance",53.0,26,7.2
movie,A Page of Madness,"Drama,Horror,Thriller",70.0,4006,7.4
movie,The Winning of Barbara Worth,"Drama,Romance,Western",89.0,894,7.0
short,Football,"Animation,Comedy,Short",,8,4.8
movie,"Stop, Look and Listen","Action,Adventure,Comedy",60.0,37,5.5
movie,Chasing Trouble,"Action,Adventure,Western",50.0,21,5.6
movie,Education of a Prince,,,16,5.9
movie,Das gefährliche Alter,,,14,6.2
movie,Topsy and Eva,Drama,80.0,67,7.7
movie,Convoy,Drama,80.0,11,5.2
movie,Street of Forgotten Women,Drama,53.0,20,3.9
movie,Maksim Maksimich,Drama,60.0,16,5.8
movie,The Claw,Drama,54.0,24,6.2
short,R-1,Short,7.0,35,7.2
short,Out of the Melting Pot,Short,2.0,15,4.9
short,Mathusalem,Short,7.0,36,5.0
short,The March of the Machines,Short,9.0,148,5.8
movie,Milenky starého kriminálníka,Comedy,108.0,59,7.2
movie,Spring Fever,Comedy,78.0,1015,6.5
movie,Belphégor,Fantasy,212.0,154,7.8
movie,The Isle of Sunken Gold,Adventure,,16,5.7
movie,Muurmanin pakolaiset,"Drama,War",82.0,11,6.4
short,John Charles Thomas,"Music,Short",8.0,8,4.5
movie,The First Auto,"Comedy,Drama",75.0,260,6.3
movie,Tillie the Toiler,"Comedy,Drama",70.0,490,6.1
short,Many a Slip,"Comedy,Short",20.0,92,6.7
movie,Babe Comes Home,"Comedy,Sport",60.0,24,7.0
movie,The Strange Case of Captain Ramper,"Drama,Horror",50.0,35,6.2
movie,Dress Parade,"Drama,Romance",72.0,99,7.5
movie,The Student Prince in Old Heidelberg,"Drama,Romance",106.0,1552,7.6
movie,A Million Bid,"Drama,Romance",70.0,38,5.8
movie,Breakfast at Sunrise,"Comedy,Romance",62.0,25,7.0
movie,The Return of the Riddle Rider,"Action,Adventure",200.0,21,4.5
short,Official Opening of McTaggart Esplanade,"Documentary,Short",3.0,50,4.6
short,Life in Hollywood No. 2,"Documentary,Short",9.0,7,4.4
movie,The Kid Brother,"Comedy,Drama,Family",82.0,4554,7.6
movie,The Fall of the Romanov Dynasty,"Documentary,History",90.0,332,6.4
movie,"East Side, West Side","Drama,Romance,Sport",92.0,98,7.3
movie,The Girl with the Hat Box,"Comedy,Drama,Romance",60.0,768,7.1
movie,Chain Lightning,"Action,Adventure,Drama",60.0,20,4.7
short,Alice's Auto Race,"Animation,Comedy,Short",7.0,29,5.5
short,Ko-Ko Back Tracks,"Animation,Comedy,Short",9.0,58,6.1
short,Alice's Picnic,"Animation,Comedy,Short",7.0,22,6.6
short,Alice the Golf Bug,"Animation,Comedy,Short",7.0,24,5.7
short,Pedigreedy,"Animation,Comedy,Short",8.0,39,5.2
short,Felix the Cat as Romeeow,"Animation,Comedy,Short",7.0,53,6.1
short,Koko Needles the Boss,"Animation,Comedy,Short",6.0,66,7.1
movie,The Private Life of Helen of Troy,"Action,Adventure,Comedy",87.0,86,5.8
movie,The Dove,"Adventure,Drama,Romance",90.0,89,6.5
movie,Unfug der Liebe,,,11,6.8
movie,South of Panama,Drama,68.0,17,4.8
movie,Manhattan Cocktail,Drama,72.0,34,7.4
movie,Alias Jimmy Valentine,Drama,88.0,36,6.9
movie,Napasta,Drama,,10,7.4
movie,Parizhskiy sapozhnik,Drama,40.0,54,6.2
movie,Fight for the Matterhorn,Drama,117.0,55,7.1
movie,Sins of the Fathers,Drama,73.0,26,7.8
movie,Hara-Kiri,Drama,,15,6.8
short,Sirens of the Sea,Short,3.0,27,4.8
movie,Anybody Here Seen Kelly?,Comedy,80.0,33,6.0
movie,Dom na Trubnoy,Comedy,64.0,698,7.2
movie,Skvoz slyozy,Comedy,95.0,14,5.3
movie,Honeymoon Abroad,Comedy,85.0,11,6.6
movie,Moral,Comedy,82.0,25,7.7
movie,The Five O'Clock Girl,Musical,,60,8.1
movie,Across the Plains,Western,,33,5.2
movie,Krásná vyzvedacka,Adventure,,11,5.0
movie,The Spieler,"Crime,Drama",62.0,53,6.8
short,The Torture Cage,"Crime,Short",30.0,8,6.0
short,Kurama Tengu: Kyôfu jidai,"Drama,Short",39.0,32,7.2
short,Gus Arnheim and His Ambassadors,"Music,Short",10.0,70,6.3
movie,The Actress,"Comedy,Drama",70.0,28,6.2
movie,Company and the Crazy,"Comedy,Drama",,10,5.2
short,The Beau Brummels,"Comedy,Short",9.0,258,7.1
short,Fandango,"Comedy,Short",20.0,27,5.8
short,All Parts,"Comedy,Short",20.0,12,6.8
short,Idle Eyes,"Comedy,Short",,29,5.3
short,"Cook, Papa, Cook","Comedy,Short",10.0,50,5.2
short,The Sex Life of the Polyp,"Comedy,Short",11.0,327,5.4
short,A Laugh or Two,"Comedy,Short",8.0,15,3.8
short,Barnyard Rivals,"Comedy,Short",,11,4.8
movie,Doomsday,"Drama,Romance",60.0,117,6.5
movie,Afterwards,"Drama,Romance",65.0,9,4.2
movie,Yellow Lily,"Drama,Romance",65.0,32,6.9
movie,Drums of Love,"Drama,Romance",100.0,93,5.5
movie,Show People,"Comedy,Romance",83.0,3871,7.6
movie,The Devil's Playground,"Adventure,Drama",,11,6.3
movie,The Yellow Cameo,"Action,Adventure",200.0,19,5.9
short,Film 27,"Documentary,Short",15.0,48,4.6
short,The Lure of Labrador,"Documentary,Short",14.0,13,7.2
short,The Cowboy and the Girl,"Comedy,Music,Short",8.0,84,6.0
movie,The Cameraman,"Comedy,Drama,Family",76.0,12175,8.0
movie,Across to Singapore,"Crime,Drama,Romance",85.0,1162,6.2
movie,Two Lovers,"Action,Drama,History",98.0,33,7.1
short,Rival Romeos,"Animation,Comedy,Short",6.0,228,5.8
short,Draggin' the Dragon,"Animation,Comedy,Short",7.0,14,6.4
short,Dinner Time,"Animation,Comedy,Short",6.0,75,5.7
short,Neck 'n' Neck,"Animation,Comedy,Short",6.0,30,6.1
movie,Hangman's House,"Drama,Romance,Thriller",71.0,519,6.6
movie,Partners in Crime,"Action,Adventure,Comedy",65.0,42,2.3
short,Steamboat Willie,"Animation,Comedy,Family",8.0,9837,7.5
movie,Adventures Inc.,,76.0,27,6.7
movie,The Wolf of Wall Street,Drama,90.0,52,6.6
movie,Madame X,Drama,95.0,527,5.6
movie,The Wonderful Lies of Nina Petrovna,Drama,102.0,265,7.2
movie,Big Time,Drama,87.0,74,7.6
movie,Hell of a Reporter,Drama,54.0,36,6.7
movie,Atlantic,Drama,90.0,263,5.2
movie,High Treason,Sci-Fi,95.0,177,6.1
movie,Trent's Last Case,Mystery,66.0,67,6.9
movie,Hawk of the Hills,Western,58.0,36,5.1
movie,'Neath Western Skies,Western,60.0,18,6.7
movie,The Love Racket,"Crime,Drama",74.0,14,6.4
movie,Turksib,Documentary,57.0,437,7.2
movie,"Nürnberg NSDAP Parteitag August 1-4, 1929",Documentary,60.0,7,7.3
movie,Diary of a Lost Girl,"Drama,Music",104.0,4596,7.8
short,Two Americans,"Drama,Short",,12,6.7
short,For Your Beautiful Eyes,"Drama,Short",8.0,84,6.2
short,Jack White with the Montrealers,"Music,Short",8.0,16,3.7
short,Impressions of Tschaikowsky's Overture 1812,"Music,Short",,10,4.8
movie,Konstgjorda Svensson,"Comedy,Drama",81.0,44,5.9
short,Springtime Saps,"Comedy,Short",,12,7.1
short,Perfect Day,"Comedy,Short",19.0,1665,7.1
short,Dooley's the Name,"Comedy,Short",8.0,13,4.5
short,Snappy Sneezer,"Comedy,Short",20.0,26,6.8
short,Stepping Out,"Comedy,Short",20.0,14,7.1
short,A Hollywood Star,"Comedy,Short",20.0,15,6.4
short,Helter Skelter,"Comedy,Short",20.0,18,5.9
movie,Broadway Babies,"Drama,Musical",86.0,215,6.1
movie,Nihonbashi,"Drama,Romance",77.0,14,8.0
movie,Coquette,"Drama,Romance",76.0,2240,5.6
short,The Singing Brakeman,"Musical,Short",8.0,51,7.9
movie,The Rocket Bus,"Comedy,Fantasy",65.0,15,7.0
movie,Blackmail,"Crime,Thriller",85.0,11227,6.9
short,Two Worlds,"Animation,Short",15.0,25,6.4
short,Tarô-san no kisha,"Animation,Short",15.0,66,6.2
short,Barco pesquero,"Documentary,Short",1.0,27,4.1
short,The Mysteries of the Chateau de De,"Documentary,Short",27.0,678,6.2
short,"Iglesia, Portería y Convento de San Francisco","Documentary,Short",1.0,27,4.3
short,Lag baomer shel Hashomer Hatsair be-Varsha,"Documentary,Short",10.0,5,6.2
short,Arco de Santo Domingo El Tranvía,"Documentary,Short",1.0,27,4.0
short,Vuelo de avión,"Documentary,Short",1.0,27,4.2
short,Baile de Pasillo 'al taconeo',"Documentary,Short",1.0,27,4.2
short,Catedral y Plaza Grande,"Documentary,Short",1.0,27,4.3
short,Black and Tan Fantasy,"Drama,Music,Short",19.0,574,6.5
movie,Woman to Woman,"Drama,Romance,War",75.0,114,6.4
movie,Seven Footprints to Satan,"Comedy,Crime,Drama",60.0,436,6.7
short,The Melancholy Dame,"Comedy,Drama,Music",21.0,33,6.6
movie,The Man I Love,"Action,Comedy,Drama",70.0,68,5.7
short,"Cat, Dog & Co.","Comedy,Family,Short",20.0,63,6.7
movie,Der gefesselte Polo,"Action,Adventure,Crime",,9,5.0
movie,The Sin Sister,"Action,Adventure,Drama",67.0,19,5.6
short,The Big Burg,"Animation,Comedy,Short",6.0,23,4.4
short,Land o' Cotton,"Animation,Comedy,Short",6.0,18,5.3
short,Custard Pies,"Animation,Comedy,Short",6.0,30,4.0
short,Night Club,"Animation,Comedy,Short",7.0,25,5.0
short,The Under Dog,"Animation,Comedy,Short",,12,4.5
movie,Disraeli,"Biography,Drama,History",90.0,1275,6.1
movie,Wine Cellars,,87.0,32,6.0
movie,Thirteen Men and a Girl,Drama,79.0,30,6.4
movie,Love Comes Along,Drama,77.0,54,6.6
movie,Cities and Years,Drama,94.0,38,6.8
movie,Junjô,Drama,46.0,9,5.8
short,The Voice of Hollywood No. 3,Short,,12,6.4
short,El carretero,Short,,16,6.8
movie,Der falsche Feldmarschall,Comedy,86.0,20,6.7
movie,School for Scandal,Comedy,76.0,28,4.9
movie,Check and Double Check,Comedy,77.0,412,5.0
